{
    "best_model": "gradient_boosting",
    "features": [
        "annual_income",
        "monthly_income",
        "loan_amount",
        "existing_debts",
        "debt_to_income_ratio",
        "number_of_credit_cards",
        "credit_utilization_ratio",
        "payment_history",
        "number_of_late_payments",
        "loan_repayment_history",
        "employment_length",
        "age",
        "savings_balance",
        "previous_defaults",
        "credit_history_length",
        "debt_to_income_ratio_refined",
        "credit_utilization_percentage",
        "payment_consistency_score",
        "financial_stability_score",
        "risk_index",
        "credit_age_score"
    ],
    "metrics": {
        "accuracy": 0.882,
        "precision": 0.8985507246376812,
        "recall": 0.9281437125748503,
        "f1_score": 0.9131075110456554,
        "roc_auc": 0.9524926051511435
    },
    "feature_importance": {
        "annual_income": 0.0914894361439921,
        "monthly_income": 0.061548549926335745,
        "loan_amount": 0.09144862330272306,
        "existing_debts": 0.002784375211583808,
        "debt_to_income_ratio": 0.118243124233957,
        "number_of_credit_cards": 0.0027825045568109366,
        "credit_utilization_ratio": 0.00928802476888723,
        "payment_history": 0.0,
        "number_of_late_payments": 0.13278886556937072,
        "loan_repayment_history": 0.1054900650403661,
        "employment_length": 0.018627282844487825,
        "age": 0.005071861641046769,
        "savings_balance": 0.04137933559783857,
        "previous_defaults": 0.14793307536925215,
        "credit_history_length": 0.0058130022936284855,
        "debt_to_income_ratio_refined": 0.030345653137410365,
        "credit_utilization_percentage": 0.03223390909619613,
        "payment_consistency_score": 0.07447544178677866,
        "financial_stability_score": 0.012646826828040369,
        "risk_index": 0.007667434995976485,
        "credit_age_score": 0.007942607655317457
    }
}